tradeId,symbol,side,entryDate,entryTokenPrice,entryEquityPrice,entryBasisPct,quantity,notionalUsd,exitDate,exitTokenPrice,exitEquityPrice,exitBasisPct,holdingDays,pnlUsd,returnPct,feesUsd,receiptHash,isOutSample
trade-venue-0001,NVDAUSDT,BUY_BASIS,2026-07-08,202.01,204.12,-1.0337,9.9,1999.9,2026-07-09,209.2,202.78,3.1660,1,68.74,3.44,2.44,022d8796f2d063ebad46b1bc9af4374340215b81b4531a281bac2daee4ff9a8c,false
trade-venue-0002,TSLAUSDT,SELL_BASIS,2026-07-08,399.66,394.06,1.4211,5,1998.3,2026-07-09,409.64,406.55,0.7601,1,-52.33,-2.62,2.43,f247160efa213bb498724826bf987042f52222a47c1bf567c74f1e90b85efb00,false
trade-venue-0003,MSFTUSDT,BUY_BASIS,2026-07-08,380.52,383.34,-0.7356,5.26,2001.54,2026-07-09,384.7,384.36,0.0885,1,19.57,0.98,2.42,e559a968d30747fa6ef843246250bf42e12d3fdd27452bd2b5ffa9bf3ef0ea5a,false
trade-venue-0004,GOOGLUSDT,BUY_BASIS,2026-07-08,352.79,361.92,-2.5227,5.67,2000.32,2026-07-09,354.63,358.89,-1.1870,1,8.03,0.4,2.41,b88b30c0324c02f0bd9431e83888c32fec541aa0abf4537870a654310b522630,false
trade-venue-0005,NVDAUSDT,SELL_BASIS,2026-07-09,209.2,202.78,3.1660,9.56,1999.95,2026-07-10,209.3,210.96,-0.7869,1,-3.36,-0.17,2.4,7c56e3a64943c394ec46cf19442ada5ca1d27afbf049bf47500d78c6deb4d191,false
trade-venue-0006,TSLAUSDT,SELL_BASIS,2026-07-09,409.64,406.55,0.7601,4.88,1999.04,2026-07-10,408.27,407.76,0.1251,1,4.29,0.21,2.39,5ba014457a3fe38f2d2abe95e76b28d1edd931c937f6327d78c8e97912051463,false
trade-venue-0007,AAPLUSDT,BUY_BASIS,2026-07-09,313.3,316.22,-0.9234,6.38,1998.85,2026-07-10,315.53,315.32,0.0666,1,11.82,0.59,2.41,aeda9f28dbfa9218d67d5245fa73c95f6d2859df20328684b2c15f6ad6ebd158,false
trade-venue-0008,GOOGLUSDT,BUY_BASIS,2026-07-09,354.63,358.89,-1.1870,5.64,2000.11,2026-07-10,357.75,357.18,0.1596,1,15.19,0.76,2.41,9234e3e48fa05d6ee8091e2cff7aa35379cb8811cc14279b12a8461c33f99a42,false
trade-venue-0009,NVDAUSDT,BUY_BASIS,2026-07-10,209.3,210.96,-0.7869,9.56,2000.91,2026-07-13,209.41,203.53,2.8890,1,-1.35,-0.07,2.4,7661df71ce9fe5b67d6aaf93ff8c170ee9ded02321cdd3fc74557c5077012115,false
trade-venue-0010,NVDAUSDT,SELL_BASIS,2026-07-13,209.41,203.53,2.8890,9.55,1999.87,2026-07-14,208.82,211.8,-1.4070,1,3.24,0.16,2.4,51dd86896a23dc2e94752055d052f591d1111a1434b3c718fb713f620ec43c52,false
trade-venue-0011,AAPLUSDT,BUY_BASIS,2026-07-13,313.37,317.31,-1.2417,6.38,1999.3,2026-07-14,326.2,314.86,3.6016,1,79.41,3.97,2.45,ed8a660ea7bc1f363fd7eb95dd157591cf1b2eb50923b8c6d27707278d894977,false
trade-venue-0012,MSFTUSDT,BUY_BASIS,2026-07-13,385.18,390.99,-1.4860,5.19,1999.08,2026-07-14,397.65,384.93,3.3045,1,62.28,3.12,2.44,3876eda0f9bad690806703a1ace5a3aa18c54b94e1f092d44b5f3c4a54c3d3ac,false
trade-venue-0013,AAPLUSDT,SELL_BASIS,2026-07-14,326.2,314.86,3.6016,6.13,1999.61,2026-07-15,331.73,327.5,1.2916,1,-36.32,-1.82,2.42,7db586a4d65a257bac668d6e58bdd8156de26e9472b99cd1cf1296b628616c9f,false
trade-venue-0014,MSFTUSDT,SELL_BASIS,2026-07-14,397.65,384.93,3.3045,5.03,2000.18,2026-07-15,400.7,395.63,1.2815,1,-17.75,-0.89,2.41,0951397aad47d6d5ccc73cc43bd127a2e51d46ca44a9eb2c4aeb87b781a30064,false
trade-venue-0015,GOOGLUSDT,SELL_BASIS,2026-07-13,356.1,352.51,1.0184,5.62,2001.28,2026-07-15,371.81,370.92,0.2399,2,-90.74,-4.53,2.45,52bd581eb6b8d462a4aaffe6091d7729ed1767ae64cb98e95dc169f69011f99c,false
trade-venue-0016,NVDAUSDT,BUY_BASIS,2026-07-14,208.82,211.8,-1.4070,9.58,2000.5,2026-07-16,205.28,207.4,-1.0222,2,-36.29,-1.81,2.38,999bafc9d81e4378d53cc958a9c09015b036be3aed415ed0abbbd6817256808e,false
trade-venue-0017,AAPLUSDT,SELL_BASIS,2026-07-15,331.73,327.5,1.2916,6.03,2000.33,2026-07-16,332.34,333.26,-0.2761,1,-6.08,-0.3,2.4,1affbb772693e4450894e71a6e80123dae91ef55fcaef1bde2d76a874a1ff37d,false
trade-venue-0018,MSFTUSDT,SELL_BASIS,2026-07-15,400.7,395.63,1.2815,4.99,1999.49,2026-07-16,392.94,401.1,-2.0344,1,36.35,1.82,2.38,b6798d4500a1c7849cf968c11e8e9d0d6118520c05dbe453a1ad90ab4559b5ed,false
trade-venue-0019,NVDAUSDT,BUY_BASIS,2026-07-16,205.28,207.4,-1.0222,9.74,1999.43,2026-07-17,202.41,202.81,-0.1972,1,-30.34,-1.52,2.38,67191548c95b89bc9335b91e72cfdb2d2962a11c6b58bbde2594c8be845c2cce,false
trade-venue-0020,TSLAUSDT,BUY_BASIS,2026-07-16,382.66,391.06,-2.1480,5.23,2001.31,2026-07-17,382.12,380.84,0.3361,1,-5.22,-0.26,2.4,425f81cec644bf9474c51ec457a4d5b99f8f49619e18720a4fccaf217e8b5f4a,false
trade-venue-0021,MSFTUSDT,BUY_BASIS,2026-07-16,392.94,401.1,-2.0344,5.09,2000.06,2026-07-17,396.18,393.82,0.5993,1,14.08,0.7,2.41,dfc8086b3145ebdb3dbf502f425528bb031f0287584824f3231f953153d823d7,false
trade-venue-0022,GOOGLUSDT,BUY_BASIS,2026-07-16,347.93,354.46,-1.8422,5.75,2000.6,2026-07-17,346.96,346.77,0.0548,1,-7.97,-0.4,2.4,be699d5a29aea560b75d741a5aade17abd777621beb44bcd13c160d2e3c6da11,false
trade-venue-0023,TSLAUSDT,SELL_BASIS,2026-07-20,381.26,369.57,3.1631,5.25,2001.62,2026-07-21,378.55,378.93,-0.1003,1,11.83,0.59,2.39,dbf4e64a8c79f21e8eec6e256b554d1ced142683df6f2259cd4d17a9ce525699,false
trade-venue-0024,AAPLUSDT,SELL_BASIS,2026-07-20,328.79,326.59,0.6736,6.08,1999.04,2026-07-21,325.13,327.74,-0.7964,1,19.87,0.99,2.39,2c2e252dbf8f18df940b3a5d93ddf3fbcb4da16d4a0f5e002487e8d44c08e59c,false
trade-venue-0025,GOOGLUSDT,BUY_BASIS,2026-07-20,349.77,351.99,-0.6307,5.72,2000.68,2026-07-21,348.42,347.15,0.3658,1,-10.12,-0.51,2.4,d25a7ae4e962fdc4628fb20c947c0d9773bb7af8e7742800ecc0c023c90fab33,false
trade-venue-0026,NVDAUSDT,SELL_BASIS,2026-07-20,205.86,203.28,1.2692,9.72,2000.96,2026-07-22,208.24,212.06,-1.8014,2,-25.55,-1.28,2.42,39cab54f03a46f75ec41c6b89c4e758333cf0f875e9d489c0dc08f7d354a4599,false
trade-venue-0027,NVDAUSDT,BUY_BASIS,2026-07-22,208.24,212.06,-1.8014,9.6,1999.1,2026-07-23,210.34,208.76,0.7568,1,17.75,0.89,2.41,b0d622484d80d3ba2395a70109cc3856018b95df77535d6ac6621de32f750bd0,false
trade-venue-0028,TSLAUSDT,BUY_BASIS,2026-07-22,324.95,374.01,-13.1173,6.15,1998.44,2026-07-23,311.36,319.69,-2.6056,1,-85.93,-4.3,2.35,5a9706db62f3ce2290a53a7372982d4a5ab724be9a90133ff0b7ce78cc0881ba,false
trade-venue-0029,AAPLUSDT,BUY_BASIS,2026-07-21,325.13,327.74,-0.7964,6.15,1999.55,2026-07-23,333.08,321.66,3.5503,2,46.46,2.32,2.43,d213e096bdd5ed30c055899b432dd37986e6573d73466e6d253d55545e139b05,false
trade-venue-0030,MSFTUSDT,BUY_BASIS,2026-07-20,398.92,402.29,-0.8377,5.01,1998.59,2026-07-23,384.51,381.58,0.7679,3,-74.55,-3.73,2.35,a45f7ba07440ee0f196b9c8e46385b32bb13a7890bf0d2c1b6165b179b875dbc,false
trade-venue-0031,GOOGLUSDT,BUY_BASIS,2026-07-22,320.25,342.09,-6.3843,6.25,2001.56,2026-07-23,320.56,317.69,0.9034,1,-0.47,-0.02,2.4,6843036020d560920ade35283454647ee9fe5192999ded27f03e66e18ed0c591,false
trade-venue-0032,NVDAUSDT,SELL_BASIS,2026-07-23,210.34,208.76,0.7568,9.51,2000.33,2026-07-24,207.59,206.84,0.3626,1,23.77,1.19,2.38,f65d789b7fa70bf1a679140b851949c8d8b2d885f9977ec628eb8bb2b6ced23c,false
trade-venue-0033,TSLAUSDT,BUY_BASIS,2026-07-23,311.36,319.69,-2.6056,6.42,1998.93,2026-07-24,311.33,313.03,-0.5431,1,-2.59,-0.13,2.4,9545a077cee9dfe55ed6e1e26f096627c17bdd17cf907d0e24f057f688fa5560,false
trade-venue-0034,AAPLUSDT,SELL_BASIS,2026-07-23,333.08,321.66,3.5503,6,1998.48,2026-07-24,332.65,333.02,-0.1111,1,0.18,0.01,2.4,3d88e9120ec2a0a317a8a15777f32b7216e5fae1fa5279ead0a6f0533709b4ed,false
trade-venue-0035,MSFTUSDT,SELL_BASIS,2026-07-23,384.51,381.58,0.7679,5.2,1999.45,2026-07-24,381.48,381.7,-0.0576,1,13.37,0.67,2.39,27e4ffbbb8440d361bb4b2f6c7472f8df27cee674a45917d831c634636e9ea34,false
trade-venue-0036,GOOGLUSDT,SELL_BASIS,2026-07-23,320.56,317.69,0.9034,6.24,2000.29,2026-07-24,318.21,319.74,-0.4785,1,12.27,0.61,2.39,cd045874e85af57d52f9ebdf2af03b3fdf1dd56e9405f0e709750bfa5937144d,false
trade-venue-0037,NVDAUSDT,SELL_BASIS,2026-07-27,198.38,196.51,0.9516,10.08,1999.67,2026-07-28,192.09,197.01,-2.4973,1,61.04,3.05,2.36,42cb3c47716b3a898765e7bc4ff00f2df97f06ae66c606e396757f538891d475,false
trade-venue-0038,AAPLUSDT,SELL_BASIS,2026-07-27,339.75,336.91,0.8430,5.89,2001.13,2026-07-28,341.09,340.08,0.2970,1,-10.3,-0.51,2.41,e98809da37e1aed2c1eced03c8dcd9afef9e3dc543ac780f4a019623699deb8f,false
trade-venue-0039,MSFTUSDT,SELL_BASIS,2026-07-27,398.39,389.1,2.3876,5.02,1999.92,2026-07-28,395.39,393.35,0.5186,1,12.67,0.63,2.39,d1e44ff47173485f79d1b12c615b069724d11aa421e9abf85dd9cc474f6c6e95,false
trade-venue-0040,GOOGLUSDT,SELL_BASIS,2026-07-27,333.94,326.56,2.2599,5.99,2000.3,2026-07-28,333.29,333.71,-0.1259,1,1.5,0.07,2.4,0eb06bc7ec685e9ab20c14c2d21bb3265ac4cce16f37bc155bf833253a2bb7cd,false
trade-venue-0041,NVDAUSDT,BUY_BASIS,2026-07-28,192.09,197.01,-2.4973,10.41,1999.66,2026-07-29,193.34,190.01,1.7525,1,10.61,0.53,2.41,321607071ade9727e7078ee9b9348a7c27d083bc2bfc5aaf2f89a055827ba9db,false
trade-venue-0042,TSLAUSDT,BUY_BASIS,2026-07-28,302.19,307.44,-1.7077,6.62,2000.5,2026-07-29,305.77,298.32,2.4973,1,21.28,1.06,2.41,34e021a731990229aa520bf2378dfd3589bd4e25194f9c4e97ef4e5921d13c72,false
trade-venue-0043,NVDAUSDT,SELL_BASIS,2026-07-29,193.34,190.01,1.7525,10.34,1999.14,2026-07-30,196.53,195.04,0.7639,1,-35.4,-1.77,2.42,c7ba3af2be9e8b876cab10f832da00bd5cb9fa61785e75e1a8fc61439eb3c8cb,false
trade-venue-0044,TSLAUSDT,SELL_BASIS,2026-07-29,305.77,298.32,2.4973,6.54,1999.74,2026-07-30,308.03,308.85,-0.2655,1,-17.19,-0.86,2.41,e92df19bd963ff2a2619db3143edeebcd8f12f074ac0047f4f66516ff8675729,false
trade-venue-0045,MSFTUSDT,SELL_BASIS,2026-07-29,450.56,390.54,15.3685,4.44,2000.49,2026-07-30,463.63,451.1,2.7777,1,-60.47,-3.02,2.44,b81eb401f866b3a67013b42ef31fb8032096fb0222b8912ad3b6de5944b754ba,false
trade-venue-0046,GOOGLUSDT,BUY_BASIS,2026-07-29,333.32,336.71,-1.0068,6,1999.92,2026-07-30,351.98,333.66,5.4906,1,109.49,5.47,2.47,31e13a8af0cad1178cd6517460187df63cb6483e614c52737af26c8c31c33bf1,false
trade-venue-0047,NVDAUSDT,SELL_BASIS,2026-07-30,196.53,195.04,0.7639,10.18,2000.68,2026-07-31,199.41,200.75,-0.6675,1,-31.74,-1.59,2.42,45a4c6b5f50b1c663c0619834ac978598b64909bc91ed93692064e7e9fa6b213,false
trade-venue-0048,AAPLUSDT,BUY_BASIS,2026-07-29,332.04,338.19,-1.8185,6.02,1998.88,2026-07-31,308.4,308.91,-0.1651,2,-144.63,-7.24,2.31,ee07f204bf1691087186358171f44cbc0d665dff685e200b364e8439f04d6d26,false
trade-venue-0049,MSFTUSDT,SELL_BASIS,2026-07-30,463.63,451.1,2.7777,4.31,1998.25,2026-07-31,461.16,464.72,-0.7661,1,8.25,0.41,2.39,e410a4f7674bab79919e571f045a98c375f1401d5a601a84418bcfb06b58975f,false
trade-venue-0050,GOOGLUSDT,SELL_BASIS,2026-07-30,351.98,333.66,5.4906,5.68,1999.25,2026-07-31,353.45,356.13,-0.7525,1,-10.75,-0.54,2.4,dc65fa0fddec5a4c423d7226ef4af2ce553c4d1edf067cba05fd4fa5984a4f19,false
trade-venue-0051,NVDAUSDT,BUY_BASIS,2026-07-31,199.41,200.75,-0.6675,10.03,2000.08,2026-08-03,210.85,206.64,2.0374,1,112.27,5.61,2.47,03e20d655325aa12a9b4498dfcd81c8cdf4ac53efe34a5dcf9d8cccb1cacf849,false
trade-venue-0052,TSLAUSDT,BUY_BASIS,2026-07-31,309.14,311.21,-0.6651,6.47,2000.14,2026-08-03,324.58,322.08,0.7762,1,97.44,4.87,2.46,2103e9260dc8d0d200d019f78908ed64ac3eb54899cfd602d1cc7038b7213422,false
trade-venue-0053,MSFTUSDT,BUY_BASIS,2026-07-31,461.16,464.72,-0.7661,4.34,2001.43,2026-08-03,497.66,487.65,2.0527,1,155.91,7.79,2.5,f3c819b1842c64a9167a91db2c0f96355d46f1abce286d51b2d29e74c6b57584,false
trade-venue-0054,GOOGLUSDT,BUY_BASIS,2026-07-31,353.45,356.13,-0.7525,5.66,2000.53,2026-08-03,376.09,373.51,0.6907,1,125.66,6.28,2.48,f10cbc2652ec883f6baab27925910bc073dd0127622ef7ab013e7f9e0700d6e7,false
trade-venue-0055,TSLAUSDT,SELL_BASIS,2026-08-03,324.58,322.08,0.7762,6.16,1999.41,2026-08-04,322.43,327.35,-1.5030,1,10.85,0.54,2.39,2f510029c7aaedf403194986ae3a9d5cbf9335f39704ad2b69e02f13686c2651,false
trade-venue-0056,AAPLUSDT,SELL_BASIS,2026-08-03,306.92,303.42,1.1535,6.52,2001.12,2026-08-04,308.39,309.38,-0.3200,1,-11.99,-0.6,2.41,70413ddc173f28af25ac280156d9c0925e3566e57aceaeafe820fca5f53f5b17,false
trade-venue-0057,MSFTUSDT,SELL_BASIS,2026-08-03,497.66,487.65,2.0527,4.02,2000.59,2026-08-04,489.28,492.81,-0.7163,1,31.31,1.56,2.38,e28227fad7c9313123f3e9790664f1a58c720523359da7b3cff3efd018821e53,false
trade-venue-0058,GOOGLUSDT,SELL_BASIS,2026-08-03,376.09,373.51,0.6907,5.32,2000.8,2026-08-04,376.09,377.65,-0.4131,1,-2.4,-0.12,2.4,60f027bc450fef3ebaa80ba2ced808002c2ff736a45d272f3059a82aacf32079,false
trade-venue-0059,NVDAUSDT,SELL_BASIS,2026-08-03,210.85,206.64,2.0374,9.49,2000.97,2026-08-05,217.96,219.22,-0.5748,2,-69.92,-3.49,2.44,c36d0a0a70ed1b1567e6679306a46f0511032cbf4f3162056a92a7067690f9fc,false
trade-venue-0060,TSLAUSDT,BUY_BASIS,2026-08-04,322.43,327.35,-1.5030,6.2,1999.07,2026-08-05,320.14,321.55,-0.4385,1,-16.59,-0.83,2.39,84614498c92eb84bed85b0e4c7e8d7bbbf32f98ed9fae4114fe26ff8c9758048,false
trade-venue-0061,MSFTUSDT,BUY_BASIS,2026-08-04,489.28,492.81,-0.7163,4.09,2001.16,2026-08-05,495.6,487.46,1.6699,1,23.43,1.17,2.42,9d1cddf0f85bd557a2f30381c2fbd411a5ef953897c36e41c544db2f820fd202,false
trade-venue-0062,MSFTUSDT,SELL_BASIS,2026-08-05,495.6,487.46,1.6699,4.04,2002.22,2026-08-06,503.92,499.86,0.8122,1,-36.04,-1.8,2.42,e053a484fa7f975926ede6eb05459553ea74f1a013bed3e8cda6ee4357b186fb,false
trade-venue-0063,GOOGLUSDT,BUY_BASIS,2026-08-05,359.65,362.43,-0.7670,5.56,1999.65,2026-08-06,356.23,357.75,-0.4249,1,-21.4,-1.07,2.39,84dcfdf0451e07455bde034304860b91e6cf7c01e3ef22fc9c74f97573a41ebd,false
trade-venue-0064,NVDAUSDT,SELL_BASIS,2026-08-06,223.8,218.99,2.1964,8.94,2000.77,2026-08-07,224.15,223.96,0.0848,1,-5.53,-0.28,2.4,4dc7e6dd7e20d839c846edfd704ecad982ada33ab114a3971fa5c5f19462f009,false
trade-venue-0065,TSLAUSDT,SELL_BASIS,2026-08-06,331.84,319.53,3.8525,6.03,2001,2026-08-07,331.04,328.58,0.7487,1,2.43,0.12,2.4,1b557daa788db5713a19ef8945e75d13294a5586c4ff26e68d2147166538774f,false
trade-venue-0066,MSFTUSDT,SELL_BASIS,2026-08-06,503.92,499.86,0.8122,3.97,2000.56,2026-08-07,500.13,499.99,0.0280,1,12.65,0.63,2.39,6b1ebdac8e7cd84fb206d3b3d1402e7e3af097c613ee2ba4672aeec90e34cd5b,false
trade-venue-0067,TSLAUSDT,SELL_BASIS,2026-08-07,331.04,328.58,0.7487,6.04,1999.48,2026-08-11,326.47,332.81,-1.9050,2,25.22,1.26,2.38,7a07695a9ab5998f8dd504b52c7d243a7fa2d5fc3ad22b11c980ac05bb9e9971,false
trade-venue-0068,GOOGLUSDT,BUY_BASIS,2026-08-10,350.26,357.52,-2.0307,5.71,1999.98,2026-08-11,342.02,343.8,-0.5177,1,-49.42,-2.47,2.37,b66a1835976c3ae6ab24cbf4cbe2f00168f5ab65be6942b69c9e7b1bc1d14308,false
trade-venue-0069,NVDAUSDT,SELL_BASIS,2026-08-11,223.13,217.5,2.5885,8.96,1999.24,2026-08-12,224.39,224.09,0.1339,1,-13.7,-0.69,2.41,91b6d63c61f641d367413ddcc1c91fb861ab92abf315508de8a51a9a763203e2,false
trade-venue-0070,TSLAUSDT,BUY_BASIS,2026-08-11,326.47,332.81,-1.9050,6.13,2001.26,2026-08-12,333.45,327.51,1.8137,1,40.36,2.02,2.43,be012aad6d617a24cc4d76c26315aa5b50b018cab2f28b434a2ca2cdb13e11de,false
trade-venue-0071,AAPLUSDT,BUY_BASIS,2026-08-11,301.83,304.91,-1.0101,6.63,2001.13,2026-08-12,303.25,302.25,0.3309,1,7.01,0.35,2.41,c1427ff85dd96c9761c09c6c14feacc6781d48fb6437f4fa3e0942668e968f38,false
trade-venue-0072,MSFTUSDT,BUY_BASIS,2026-08-10,501,506.06,-0.9999,3.99,1998.99,2026-08-12,495.1,492.43,0.5422,2,-25.93,-1.3,2.38,d05c121e0c8ea4ac73e97f48e16f64c4f3b02a0ab029535e77c9187e9a054e62,false
trade-venue-0073,TSLAUSDT,SELL_BASIS,2026-08-12,333.45,327.51,1.8137,6,2000.7,2026-08-13,339.32,339.96,-0.1883,1,-37.64,-1.88,2.42,237d15b2cb8eb30dc0d89456eda4ca116079d32343091fc0e487b965d94354a6,false
trade-venue-0074,NVDAUSDT,BUY_BASIS,2026-08-17,220.19,225.01,-2.1421,9.08,1999.33,2026-08-18,219.41,219.74,-0.1502,1,-9.48,-0.47,2.39,059927db46d0bdfab2fbde9b79d2bba9ef04da0cd05c516d7ff4a535308b209d,false
trade-venue-0075,TSLAUSDT,SELL_BASIS,2026-08-18,347.28,336.87,3.0902,5.76,2000.33,2026-08-19,346.08,351.12,-1.4354,1,4.52,0.23,2.4,32e943c94d49060a0d6169b34b2a26bc3c002e659775e05fbb10e85b1e1be263,false
trade-venue-0076,AAPLUSDT,SELL_BASIS,2026-08-17,309.96,305.59,1.4300,6.45,1999.24,2026-08-19,317.28,316.83,0.1420,2,-49.64,-2.48,2.43,26d9299f9c5d3f7c0e74cfefe42f1896d102269ea5b651fbd52c276dc81b52f9,false
trade-venue-0077,MSFTUSDT,SELL_BASIS,2026-08-18,489.26,481.63,1.5842,4.09,2001.07,2026-08-19,480.93,484.31,-0.6979,1,31.69,1.58,2.38,a8e7691473a5c92acf6739d76ceea442ffbd5123f17097ef583304024cfb0806,false
trade-venue-0078,TSLAUSDT,BUY_BASIS,2026-08-19,346.08,351.12,-1.4354,5.78,2000.34,2026-08-20,362.82,345.13,5.1256,1,94.3,4.71,2.46,5e940d9c8ab751b9cd22bc5474f6b9e491292e9391f2f371cf6be5659358e835,false
trade-venue-0079,MSFTUSDT,BUY_BASIS,2026-08-19,480.93,484.31,-0.6979,4.16,2000.67,2026-08-20,485.75,481.15,0.9560,1,17.64,0.88,2.41,3a5f7d2a3db5a4209a4abfbc5e1db129200be128d6da0d8800a7c2e185529def,false
trade-venue-0080,GOOGLUSDT,BUY_BASIS,2026-08-19,339.94,344.72,-1.3866,5.88,1998.85,2026-08-20,345.25,340.67,1.3444,1,28.81,1.44,2.42,a474bc4d46d3346b3404d4199a82aa14077d13ba6c5c5c8a877c6db47847ab14,false
trade-venue-0081,TSLAUSDT,SELL_BASIS,2026-08-20,362.82,345.13,5.1256,5.51,1999.14,2026-08-21,361.85,362.86,-0.2783,1,2.95,0.15,2.4,1af4e8bd02a2501d013d390bf5557e3860f86f94561391a23d9ddce5c8c5450d,false
trade-venue-0082,MSFTUSDT,SELL_BASIS,2026-08-20,485.75,481.15,0.9560,4.12,2001.29,2026-08-21,481.39,483.24,-0.3828,1,15.57,0.78,2.39,cbcb6ef14a58d1aff9c48befaf2e4b38a543991446dce6f8cc61a69be383370d,false
trade-venue-0083,GOOGLUSDT,SELL_BASIS,2026-08-20,345.25,340.67,1.3444,5.79,1999,2026-08-21,343.26,344.82,-0.4524,1,9.13,0.46,2.39,c6422530d5efdb0d1a37a8287aad7968318b56e97196b621f81c4b49f31abe21,false
trade-venue-0084,NVDAUSDT,SELL_BASIS,2026-08-24,211.8,208.48,1.5925,9.44,1999.39,2026-08-25,210.84,213.05,-1.0373,1,6.67,0.33,2.39,0374fc955274f2eba8fb888344c3aaed1435ae081a5bce84b30bcc4f6529421d,false
trade-venue-0085,TSLAUSDT,SELL_BASIS,2026-08-24,353.69,348.95,1.3584,5.65,1998.35,2026-08-25,344.65,350.25,-1.5989,1,48.71,2.44,2.37,13085a1b4360976659f64541ab13476a5e9321b19a23580dfc42710013e8d6dc,false
trade-venue-0086,NVDAUSDT,BUY_BASIS,2026-08-25,210.84,213.05,-1.0373,9.49,2000.87,2026-08-26,226.16,209.66,7.8699,1,142.9,7.14,2.49,82790b838815fb07a229de84d01e7d32d84e9416a511cc210080b6137a047bc9,false
trade-venue-0087,TSLAUSDT,BUY_BASIS,2026-08-25,344.65,350.25,-1.5989,5.8,1998.97,2026-08-26,352.67,345.82,1.9808,1,44.09,2.21,2.43,f13f7082aa3d2b877a2e6192c951396c68cc9cbcc1c6bd23fb8b47aead10e161,false
trade-venue-0088,AAPLUSDT,SELL_BASIS,2026-08-25,312.99,309.9,0.9971,6.39,2000.01,2026-08-26,314.92,313.45,0.4690,1,-14.74,-0.74,2.41,7cead8284c241b53cd71649af73a5777795b2f50b367482ceb16d31ab3e7c904,false
trade-venue-0089,GOOGLUSDT,BUY_BASIS,2026-08-25,341.77,346.96,-1.4958,5.85,1999.35,2026-08-26,340.81,342,-0.3480,1,-8.01,-0.4,2.4,018f31f0eff048941d4b2531e3da61e143b6e30b0043418b0856d419b3f501bd,false
trade-venue-0090,NVDAUSDT,SELL_BASIS,2026-08-26,226.16,209.66,7.8699,8.84,1999.25,2026-08-27,221.49,227.98,-2.8467,1,38.91,1.95,2.37,555e6ef88900704abf72d76fe3836ae550b30603ebfa7cfb2be0e402c0150d61,false
trade-venue-0091,TSLAUSDT,SELL_BASIS,2026-08-26,352.67,345.82,1.9808,5.67,1999.64,2026-08-27,348.82,354.81,-1.6882,1,19.44,0.97,2.39,284d475c41b43fed57bc75d923fc032b4fb689946558352916e198e4e204b086,false
trade-venue-0092,NVDAUSDT,BUY_BASIS,2026-08-27,221.49,227.98,-2.8467,9.03,2000.05,2026-08-28,218.75,217.55,0.5516,1,-27.13,-1.36,2.39,1ad1942d794c572afb5310a88b41d0f97b65e5e3532be64b0957e079dec33a34,false
trade-venue-0093,TSLAUSDT,BUY_BASIS,2026-08-27,348.82,354.81,-1.6882,5.73,1998.74,2026-08-28,350.57,348.75,0.5219,1,7.62,0.38,2.4,f1a3c259c739d7a4534259d70545449683d4b5cc157c41c44c4907306be0fef8,false
trade-venue-0094,AAPLUSDT,SELL_BASIS,2026-08-27,321.53,314.58,2.2093,6.22,1999.92,2026-08-28,320.54,319.7,0.2627,1,3.76,0.19,2.4,b506956609fff24c13a121ec5398350b7b63e0ebb191d78fadcc248c97bfa11d,false
trade-venue-0095,MSFTUSDT,SELL_BASIS,2026-08-26,499.82,496.37,0.6950,4,1999.28,2026-08-28,514.54,513.53,0.1967,2,-61.31,-3.07,2.43,328811c3affc37f2ef47d0780f82f0d9084ff0d22c66a8a93b79aef863c42c81,false
trade-venue-0096,GOOGLUSDT,SELL_BASIS,2026-08-27,346.87,340.65,1.8259,5.77,2001.44,2026-08-28,346.02,346.59,-0.1645,1,2.51,0.13,2.4,822996ff9f33a4a6ad48a028d760224b9b6f18ffc233af995d61b5d7c156863b,false
trade-venue-0097,TSLAUSDT,BUY_BASIS,2026-08-31,359.19,367.95,-2.3808,5.57,2000.69,2026-09-01,353.11,356.09,-0.8369,1,-36.25,-1.81,2.38,63940d72ad273bbe807eb31dcb74e12272717ad4a9c922a9aee9e04d6465532d,false
trade-venue-0098,AAPLUSDT,SELL_BASIS,2026-08-31,326.55,316.85,3.0614,6.12,1998.49,2026-09-01,325.35,325.13,0.0677,1,4.95,0.25,2.39,86e75f8f4f8e2809e9023286b92d9e197984b73b6e4933f14f242c2c79d4cc94,false
trade-venue-0099,GOOGLUSDT,BUY_BASIS,2026-08-31,336.43,339.35,-0.8605,5.94,1998.39,2026-09-01,338.97,335.02,1.1790,1,12.68,0.63,2.41,5b467b923cc06c7ee76423368c836557cf4e706fdc87e83dd60a04c801b18b48,false
trade-venue-0100,NVDAUSDT,SELL_BASIS,2026-09-01,227.63,217.44,4.6864,8.79,2000.87,2026-09-02,227.52,224.41,1.3859,1,-1.43,-0.07,2.4,0b0b33131a9a3db24ee984f97bb7ee42ddd7846bdb4f7cff8b38ea3621e3280e,false
trade-venue-0101,TSLAUSDT,BUY_BASIS,2026-09-01,353.11,356.09,-0.8369,5.66,1998.6,2026-09-02,382.73,357.01,7.2043,1,165.15,8.26,2.5,a7724da17ff89e40175ed302d5de24231dfcd9dee977a1e294fd7fefa0d69676,false
trade-venue-0102,MSFTUSDT,BUY_BASIS,2026-08-31,501.48,507.29,-1.1453,3.99,2000.91,2026-09-02,515.02,496.82,3.6633,2,51.59,2.58,2.43,d83b9d7e37ee550836b4a323a30183ca13a529b05df122a2f9ab6d987d0c50fb,false
trade-venue-0103,TSLAUSDT,SELL_BASIS,2026-09-02,382.73,357.01,7.2043,5.23,2001.68,2026-09-03,352.16,376.365,-6.4313,1,157.58,7.87,2.31,ac0363f9366d5edd0d3d8e5c3027670ea2a767cd1c51d0b9de40f30ff7d06962,true
trade-venue-0104,AAPLUSDT,SELL_BASIS,2026-09-02,329.96,324.96,1.5387,6.06,1999.56,2026-09-03,321.3,328.21,-2.1054,1,50.11,2.51,2.37,fe8a6fe3178f4a25cd21fdf0ad20c4323d116e8ee618844613798f6c1339f4e6,true
trade-venue-0105,MSFTUSDT,SELL_BASIS,2026-09-02,515.02,496.82,3.6633,3.88,1998.28,2026-09-03,501.21,510.12,-1.7466,1,51.22,2.56,2.37,3718c93de62ac45b751a4ef6e3aee70d99d2934ef9562d8cafbebbe4afd45cad,true
trade-venue-0106,GOOGLUSDT,SELL_BASIS,2026-09-01,338.97,335.02,1.1790,5.9,1999.92,2026-09-03,338.52,342.48,-1.1563,2,0.26,0.01,2.4,e72df4399d3545d17bec5f35b8e4cf0657d2cefc5ff49dae071e04d4bee4324b,true
trade-venue-0107,NVDAUSDT,SELL_BASIS,2026-09-02,227.52,224.41,1.3859,8.79,1999.9,2026-09-04,231.19,230.36,0.3603,2,-34.68,-1.73,2.42,e739c370a75e26f51762b2816d975b2510fd7b0822c4cc143d17ce0325dd51a8,true
trade-venue-0108,TSLAUSDT,BUY_BASIS,2026-09-03,352.16,376.365,-6.4313,5.68,2000.27,2026-09-04,355.57,354.08,0.4208,1,16.96,0.85,2.41,b8b21b1e490fae96c22ef52016e082513a6507024303b5b9bc80e88814ec34f5,true
trade-venue-0109,AAPLUSDT,BUY_BASIS,2026-09-03,321.3,328.21,-2.1054,6.22,1998.49,2026-09-04,321.46,319.97,0.4657,1,-1.4,-0.07,2.4,1f7f57f14f150cca19df98d7088cd17294959d06c02da96ad40ce81a7e3709dc,true
trade-venue-0110,MSFTUSDT,BUY_BASIS,2026-09-03,501.21,510.12,-1.7466,3.99,1999.83,2026-09-04,501.23,499.7,0.3062,1,-2.32,-0.12,2.4,150fff1588be6eb04213252f72611b7acfeb7395d60878498e2b745f9e875fc9,true
trade-venue-0111,GOOGLUSDT,BUY_BASIS,2026-09-03,338.52,342.48,-1.1563,5.91,2000.65,2026-09-04,339.8,338.46,0.3959,1,5.16,0.26,2.41,0f58847672c15dd67932974d1d10f955c7b99773a7c1fcaf37b99695dd17cf6d,true
trade-venue-0112,TSLAUSDT,SELL_BASIS,2026-09-08,370.74,368.16,0.7008,5.39,1998.29,2026-09-09,366.91,367.81,-0.2447,1,18.26,0.91,2.39,1648d4e1b6b4684b807919f5b537efa05c2432ceecf61a90275bf182978cc613,true
trade-venue-0113,AAPLUSDT,BUY_BASIS,2026-09-08,313.63,316.22,-0.8191,6.38,2000.96,2026-09-09,319.94,315.34,1.4587,1,37.83,1.89,2.43,c25b8cf8950ff8b1f9cba9d0e3539627b941abeae7c2d04326233c553e6524f5,true
trade-venue-0114,GOOGLUSDT,BUY_BASIS,2026-09-08,329.96,338.36,-2.4826,6.06,1999.56,2026-09-09,330.27,330.65,-0.1149,1,-0.52,-0.03,2.4,8f50cdc79304545fd02d3d3710b19797ce4d4ccdc2e425f9386538c0cf14f8b9,true
trade-venue-0115,NVDAUSDT,BUY_BASIS,2026-09-09,219.05,223.67,-2.0655,9.13,1999.93,2026-09-10,219.86,218.36,0.6869,1,4.99,0.25,2.4,38462a8ab66eafc6241b13dbc98a69bab38d136d7479f41d3376522a8a952075,true
trade-venue-0116,AAPLUSDT,SELL_BASIS,2026-09-09,319.94,315.34,1.4587,6.25,1999.63,2026-09-11,333.69,332.27,0.4274,2,-88.39,-4.42,2.45,73d738af5d5deab457b7d53ae8ca1f447d36ba4a8db02077194ac6e61beaa95f,true
trade-venue-0117,GOOGLUSDT,SELL_BASIS,2026-09-10,341.75,332.6,2.7511,5.85,1999.24,2026-09-11,339.83,338.5,0.3929,1,8.84,0.44,2.39,4e8aaccb7eb579824bd18eb47e0aa698909adb2353065a64a3b716237ea4982e,true
trade-venue-0118,AAPLUSDT,BUY_BASIS,2026-09-14,329.71,333.08,-1.0118,6.07,2001.34,2026-09-15,332.98,331.34,0.4950,1,17.44,0.87,2.41,3d77a8fb01e02637cdbccc8ce15060581f1bc779b3eed534f0aadbe225b9e155,true
trade-venue-0119,GOOGLUSDT,BUY_BASIS,2026-09-14,344.18,349.39,-1.4912,5.81,1999.69,2026-09-15,346.49,344.98,0.4377,1,11.01,0.55,2.41,2502f2a2e0aee0b687041ef7c6f401647f04de4ca737656895efef2121f64219,true
trade-venue-0120,MSFTUSDT,BUY_BASIS,2026-09-14,501.76,505.41,-0.7222,3.99,2002.02,2026-09-16,497.3,490.3,1.4277,2,-20.19,-1.01,2.39,8fff483ce395a2f75adb1bfebb31c53978bfbcea3e2d4c9bb71fc2ee7156b74a,true
trade-venue-0121,NVDAUSDT,SELL_BASIS,2026-09-10,219.86,218.36,0.6869,9.1,2000.73,2026-09-17,219.77,219.34,0.1960,5,-1.58,-0.08,2.4,13662530b92740a3ee295f380ba8bda94345475e5a7f3cd4c99315cd81dd1079,true
trade-venue-0122,TSLAUSDT,SELL_BASIS,2026-09-14,361.43,358.97,0.6853,5.53,1998.71,2026-09-17,363.52,366.2,-0.7318,3,-13.96,-0.7,2.41,9efc8edadbbec064e9475079040ebe159c53906d0c6b5834ac9856bb2ddba9ec,true
trade-venue-0123,AAPLUSDT,SELL_BASIS,2026-09-16,335.09,332.41,0.8062,5.97,2000.49,2026-09-17,335.03,337,-0.5846,1,-2.04,-0.1,2.4,8c06c350757a244fd70947eaf4d308f80814c13ab84df67e9d6b73186194c321,true
trade-venue-0124,MSFTUSDT,SELL_BASIS,2026-09-16,497.3,490.3,1.4277,4.02,1999.15,2026-09-17,494.33,497.75,-0.6871,1,9.55,0.48,2.39,81b626e35bd8ba7546704e820840939332a429f2acdbc4963dfc972da5f3339e,true
trade-venue-0125,TSLAUSDT,BUY_BASIS,2026-09-17,363.52,366.2,-0.7318,5.5,1999.36,2026-09-18,365.08,364.27,0.2224,1,6.18,0.31,2.4,96bcc59c33f0e33524f6258cf31493179a18a787eb28f674e76f7767a6810fe4,true
trade-venue-0126,MSFTUSDT,BUY_BASIS,2026-09-17,494.33,497.75,-0.6871,4.05,2002.04,2026-09-18,494.92,493.78,0.2309,1,-0.01,0,2.4,3b927b8a4ee97a209fde3a96038c125aff86ffe33543395edc254aceadd79f3a,true
trade-venue-0127,GOOGLUSDT,SELL_BASIS,2026-09-16,345.99,342.87,0.9100,5.78,1999.82,2026-09-18,350.9,349.54,0.3891,2,-30.8,-1.54,2.42,3541e8028b549fd168a78ae43bf340f46d65d3d49d6fc5648588a97795a6eaf5,true
trade-venue-0128,AAPLUSDT,SELL_BASIS,2026-09-21,342.24,338.98,0.9617,5.84,1998.68,2026-09-22,337.15,339.75,-0.7653,1,27.35,1.37,2.38,37fe892f83b216aae1c15508f0c3eb9303cdd757198d0b060bd5f22436d048c3,true
trade-venue-0129,MSFTUSDT,BUY_BASIS,2026-09-21,494.57,501.61,-1.4035,4.04,1998.06,2026-09-22,499,498,0.2008,1,15.49,0.78,2.41,6ddca3b70b4afe41427c4276639345665948b319d582dea9a1fe283028c8e727,true
trade-venue-0130,NVDAUSDT,BUY_BASIS,2026-09-22,224.96,228.87,-1.7084,8.89,1999.89,2026-09-23,222.67,225.51,-1.2594,1,-22.75,-1.14,2.39,4f2f6b593cde75e99fb59430ab047ebc64e1c0e2f1c622762dbe74a9e130822e,true
trade-venue-0131,AAPLUSDT,BUY_BASIS,2026-09-22,337.15,339.75,-0.7653,5.93,1999.3,2026-09-23,336.79,337.02,-0.0682,1,-4.53,-0.23,2.4,449478771c2002def33b8f84dc75194cfcae24f344b6dc1c2d3f5766d825d050,true
trade-venue-0132,GOOGLUSDT,BUY_BASIS,2026-09-22,340.96,351.16,-2.9047,5.87,2001.44,2026-09-23,339.52,337.83,0.5003,1,-10.85,-0.54,2.4,dcf1996f4439005c4609244ddcf8564864da0bbbedbd3e4b266c67560b79de93,true
trade-venue-0133,NVDAUSDT,BUY_BASIS,2026-09-23,222.67,225.51,-1.2594,8.98,1999.58,2026-09-24,225.33,224.58,0.3340,1,21.47,1.07,2.41,3cc9df4e6b62c60ea0648d4ec4501a3cd4407da9d8dbf1fac0167445cf3f5a21,true
trade-venue-0134,MSFTUSDT,BUY_BASIS,2026-09-23,496.17,500.59,-0.8830,4.03,1999.57,2026-09-24,515,497.93,3.4282,1,73.44,3.67,2.45,a87e65b466078ec6cefe404b39408435f326d8e3de77451d3b5f3fc198a13e13,true
trade-venue-0135,TSLAUSDT,BUY_BASIS,2026-09-23,376.88,380.12,-0.8524,5.31,2001.23,2026-09-25,372.3,372.11,0.0511,2,-26.71,-1.33,2.39,a7ca2b22c00f73b1a95b17a1200cb68fa0c92ca012bb17fa17cb31e72ca91267,true
trade-venue-0136,AAPLUSDT,SELL_BASIS,2026-09-24,339.55,335.92,1.0806,5.89,1999.95,2026-09-25,340.27,341.07,-0.2346,1,-6.64,-0.33,2.4,b802b0e8f4129e6ffa3f70636fd2b9607a723060b2428ff00b247c804bf34886,true
trade-venue-0137,MSFTUSDT,SELL_BASIS,2026-09-24,515,497.93,3.4282,3.88,1998.2,2026-09-25,518.34,516.17,0.4204,1,-15.36,-0.77,2.41,f51ddf626fe7f122bf61c2d2865fa0879e7da25abec0346f14898f109c38011e,true
trade-venue-0138,GOOGLUSDT,SELL_BASIS,2026-09-24,344.94,342.36,0.7536,5.8,2000.65,2026-09-25,343.49,343.92,-0.1250,1,6.01,0.3,2.4,007fd3c06bfb9db18cd8a4a6c424f4a669165f6503127075b83391d2941b340a,true
trade-venue-0139,AAPLUSDT,BUY_BASIS,2026-09-28,331.68,338.4,-1.9858,6.03,2000.03,2026-09-29,337.72,329.4,2.5258,1,34,1.7,2.42,b69f1791793cd56d9170d77fb235732f8c8263757423d8131432147f2e51729d,true
trade-venue-0140,GOOGLUSDT,BUY_BASIS,2026-09-28,338.86,342.75,-1.1349,5.9,1999.27,2026-09-29,352.08,340.92,3.2735,1,75.55,3.78,2.45,5c02636fe74ea665652c44daa9e5ceb97fa61b067da8047faa6f9cb8955a0668,true
trade-venue-0141,TSLAUSDT,BUY_BASIS,2026-09-28,354.77,357.45,-0.7498,5.64,2000.9,2026-09-30,357.78,354.81,0.8371,2,14.57,0.73,2.41,0fa24508c942688ef502276ac0cf5332865e29061a55e0320eedbdb48318a9e6,true
trade-venue-0142,AAPLUSDT,SELL_BASIS,2026-09-29,337.72,329.4,2.5258,5.92,1999.3,2026-09-30,327.63,333.02,-1.6185,1,57.37,2.87,2.36,5399fde5e0cd1e9541888c7647454a2dd57a3718e600bb8175af6ab96a128536,true
trade-venue-0143,MSFTUSDT,SELL_BASIS,2026-09-29,519.31,508.96,2.0336,3.85,1999.34,2026-09-30,513.59,512.9,0.1345,1,19.64,0.98,2.39,587fb2bb6a2330e05ebdfabd7e3646976098ae4b8592f4cc76e7481e30233843,true
trade-venue-0144,GOOGLUSDT,SELL_BASIS,2026-09-29,352.08,340.92,3.2735,5.68,1999.81,2026-09-30,340.73,344.08,-0.9736,1,62.11,3.11,2.36,898ee66d04d0d6052f27949b708b4eae32697ed64779a5353392caa1b4756c58,true
trade-venue-0145,AAPLUSDT,BUY_BASIS,2026-09-30,327.63,333.02,-1.6185,6.1,1998.54,2026-10-01,332.66,330.32,0.7084,1,28.27,1.41,2.42,e0bfa1e803c8a5f3de619b7226e0bf1e0d1efbf27efe14989bc92de4ec0a6283,true
trade-venue-0146,GOOGLUSDT,BUY_BASIS,2026-09-30,340.73,344.08,-0.9736,5.87,2000.09,2026-10-01,342.86,338.24,1.3659,1,10.1,0.5,2.41,41d074c05184638cdc4eac85ab11dfe7ce24320f59f7de23844183c6454e0780,true
trade-venue-0147,NVDAUSDT,SELL_BASIS,2026-09-28,230.66,228.86,0.7865,8.67,1999.82,2026-10-02,234.73,233.95,0.3334,4,-37.71,-1.89,2.42,bcf994319c7a378d7f5d85433db790940855a939476106d081b34641a2cf54b1,true
trade-venue-0148,TSLAUSDT,SELL_BASIS,2026-09-30,357.78,354.81,0.8371,5.59,1999.99,2026-10-02,370.91,370.59,0.0863,2,-75.84,-3.79,2.44,653476ea5d4bc7a169eaa32ae16a81fbe13ec9d6df3ab83c81066653a583f7bf,true
trade-venue-0149,AAPLUSDT,SELL_BASIS,2026-10-01,332.66,330.32,0.7084,6.01,1999.29,2026-10-02,333.49,333.69,-0.0599,1,-7.39,-0.37,2.4,b56151329f23c00f87b76cbba47884eb4753eb47ef1d3d86579425aa8b2a6e50,true
trade-venue-0150,GOOGLUSDT,SELL_BASIS,2026-10-01,342.86,338.24,1.3659,5.83,1998.87,2026-10-02,343.09,343.5,-0.1194,1,-3.74,-0.19,2.4,f9b4c26cb40a0121924ec4b6f980b31ee14f3e08797905ea82376a3a2349596a,true
